{
  "H": [
    [45.4967199, -73.5787865],
    [45.4974268, -73.5781696],
    [45.497846, -73.5790708],
    [45.4978235, -73.5791164],
    [45.4977821, -73.5791379],
    [45.4971617, -73.5797333],
    [45.4967199, -73.5787865]
  ],
  "LS": [
    [45.4965417, -73.5795693],
    [45.4964214, -73.5796712],
    [45.4963763, -73.5795746],
    [45.4962635, -73.5796765],
    [45.4961544, -73.5794405],
    [45.4963801, -73.5792259],
    [45.4965417, -73.5795693]
  ],
  "EV": [
    [45.4951601, -73.5778544],
    [45.4958369, -73.5772375],
    [45.496057, -73.5777095],
    [45.4958955, -73.577867],
    [45.4957351, -73.5780097],
    [45.4959616, -73.5785005],
    [45.4956038, -73.5788334],
    [45.4951601, -73.5778544]
  ],
  "MB": [
    [45.4949496, -73.5787963],
    [45.4952805, -73.578445],
    [45.495639, -73.5792505],
    [45.495372, -73.579559],
    [45.4949496, -73.5787963]
  ],
  "FB": [
    [45.494387, -73.5774948],
    [45.4947104, -73.5771662],
    [45.4950206, -73.5778448],
    [45.4947536, -73.5781291],
    [45.494387, -73.5774948]
  ],
  "FG": [
    [45.4938167, -73.5792033],
    [45.4935647, -73.5787983],
    [45.4943901, -73.5777415],
    [45.494345, -73.5775618],
    [45.494387, -73.5774948],
    [45.4947536, -73.5781291],
    [45.4938167, -73.5792033]
  ],
  "CL": [
    [45.4938567, -73.5792907],
    [45.4942308, -73.5788522],
    [45.4944856, -73.5792813],
    [45.4941067, -73.5797266],
    [45.4938567, -73.5792907]
  ],
  "VA": [
    [45.4953353, -73.5737366],
    [45.4959256, -73.573176],
    [45.4962208, -73.5737849],
    [45.4956455, -73.5743374],
    [45.4953353, -73.5737366]
  ],
  "GM": [
    [45.4957782, -73.5791768],
    [45.4956038, -73.5788334],
    [45.4959616, -73.5785005],
    [45.4961335, -73.5788335],
    [45.4957782, -73.5791768]
  ],
  "TD": [
    [45.4949335, -73.5781594],
    [45.4950332, -73.5780494],
    [45.4951949, -73.5784089],
    [45.4951168, -73.5784967],
    [45.4949335, -73.5781594]
  ]
}
