{
  "H": [
    [45.49672, -73.578786],
    [45.497427, -73.57817],
    [45.497846, -73.579071],
    [45.497824, -73.579116],
    [45.497782, -73.579138],
    [45.497162, -73.579733],
    [45.49672, -73.578786]
  ],
  "LB": [
    [45.496675, -73.578678],
    [45.496209, -73.577707],
    [45.496491, -73.577439],
    [45.4966, -73.577638],
    [45.496634, -73.577605],
    [45.496612, -73.577557],
    [45.496976, -73.577246],
    [45.497368, -73.578089],
    [45.496675, -73.578678]
  ],
  "LS": [
    [45.496542, -73.579569],
    [45.496421, -73.579671],
    [45.496376, -73.579575],
    [45.496264, -73.579676],
    [45.496154, -73.57944],
    [45.49638, -73.579226],
    [45.496542, -73.579569]
  ],
  "EV": [
    [45.49516, -73.577854],
    [45.495837, -73.577238],
    [45.496057, -73.57771],
    [45.495896, -73.577867],
    [45.495735, -73.57801],
    [45.495962, -73.5785],
    [45.495604, -73.578833],
    [45.49516, -73.577854]
  ],
  "MB": [
    [45.49495, -73.578796],
    [45.49528, -73.578445],
    [45.495639, -73.57925],
    [45.495372, -73.579559],
    [45.49495, -73.578796]
  ],
  "FB": [
    [45.494387, -73.577495],
    [45.49471, -73.577166],
    [45.495021, -73.577845],
    [45.494754, -73.578129],
    [45.494387, -73.577495]
  ],
  "FG": [
    [45.493817, -73.579203],
    [45.493565, -73.578798],
    [45.49439, -73.577742],
    [45.494345, -73.577562],
    [45.494387, -73.577495],
    [45.494754, -73.578129],
    [45.493817, -73.579203]
  ],
  "CL": [
    [45.493857, -73.579291],
    [45.494231, -73.578852],
    [45.494486, -73.579281],
    [45.494107, -73.579727],
    [45.493857, -73.579291]
  ],
  "GM": [
    [45.495778, -73.579177],
    [45.495604, -73.578833],
    [45.495962, -73.5785],
    [45.496134, -73.578834],
    [45.495778, -73.579177]
  ],
  "ER": [
    [45.496542, -73.579677],
    [45.496682, -73.580141],
    [45.496294, -73.580452],
    [45.496138, -73.579975],
    [45.496542, -73.579677]
  ],
  "VL": [
    [45.459214, -73.638136],
    [45.459146, -73.638198],
    [45.45932, -73.638664],
    [45.459165, -73.638769],
    [45.459212, -73.63889],
    [45.459096, -73.638978],
    [45.458817, -73.638061],
    [45.459109, -73.637833],
    [45.459214, -73.638136]
  ],
  "SP": [
    [45.458217, -73.641039],
    [45.458342, -73.641415],
    [45.457675, -73.641935],
    [45.457644, -73.641852],
    [45.457438, -73.642016],
    [45.45696, -73.640841],
    [45.457212, -73.640658],
    [45.457539, -73.641468],
    [45.457904, -73.641184],
    [45.457889, -73.641136],
    [45.457995, -73.64105],
    [45.458014, -73.641114],
    [45.458326, -73.640852],
    [45.458356, -73.640937],
    [45.458217, -73.641039]
  ],
  "CJ": [
    [45.457273, -73.640655],
    [45.457224, -73.64052],
    [45.457174, -73.640382],
    [45.457408, -73.640194],
    [45.457366, -73.640066],
    [45.457323, -73.640054],
    [45.457319, -73.640083],
    [45.457215, -73.640022],
    [45.45721, -73.639975],
    [45.457235, -73.639875],
    [45.457287, -73.639797],
    [45.457377, -73.639753],
    [45.457451, -73.639772],
    [45.457498, -73.639828],
    [45.457478, -73.639966],
    [45.457462, -73.639955],
    [45.457451, -73.640033],
    [45.457494, -73.640142],
    [45.457631, -73.640045],
    [45.457734, -73.640309],
    [45.457763, -73.640283],
    [45.457844, -73.640496],
    [45.457644, -73.640662],
    [45.457599, -73.640523],
    [45.45734, -73.64074],
    [45.457308, -73.640662],
    [45.457283, -73.640681],
    [45.457273, -73.640655]
  ],
  "CC": [
    [45.458075, -73.640015],
    [45.458233, -73.639875],
    [45.458523, -73.640664],
    [45.458357, -73.640793],
    [45.458075, -73.640015]
  ],
  "AD": [
    [45.457967, -73.640003],
    [45.457999, -73.640067],
    [45.457906, -73.640131],
    [45.457794, -73.63982],
    [45.457882, -73.639748],
    [45.45792, -73.639828],
    [45.458025, -73.639756],
    [45.457974, -73.639616],
    [45.45805, -73.639576],
    [45.458091, -73.639702],
    [45.4582, -73.639616],
    [45.458176, -73.639517],
    [45.458264, -73.639464],
    [45.458384, -73.639761],
    [45.4583, -73.639826],
    [45.458281, -73.639775],
    [45.457967, -73.640003]
  ],
  "FC": [
    [45.4583868, -73.639037],
    [45.4585241, -73.6389351],
    [45.4586868, -73.6393039],
    [45.4587292, -73.639273],
    [45.4587536, -73.6393508],
    [45.4587188, -73.639387],
    [45.4587715, -73.6396056],
    [45.4585758, -73.6396995],
    [45.4583868, -73.639037]
  ],
  "HU": [
    [45.4582918, -73.6417185],
    [45.4585928, -73.6414879],
    [45.4587471, -73.6419076],
    [45.4584404, -73.6421316],
    [45.4582918, -73.6417185]
  ]
}
