{
  "RA": [
    [45.4563881, -73.6373729],
    [45.4567324, -73.6370993],
    [45.4570372, -73.6378718],
    [45.4569675, -73.6379281],
    [45.4570183, -73.6380596],
    [45.4570409, -73.6380435],
    [45.4571595, -73.6383519],
    [45.4570503, -73.6384351],
    [45.4570635, -73.6384726],
    [45.4570259, -73.6384994],
    [45.4570165, -73.6384565],
    [45.4568848, -73.6385638],
    [45.456834, -73.6384243],
    [45.4568095, -73.6384485],
    [45.4567681, -73.6383412],
    [45.4568057, -73.6383144],
    [45.4567738, -73.6382446],
    [45.4568396, -73.638191],
    [45.4567945, -73.6380596],
    [45.4566872, -73.6381534],
    [45.4563881, -73.6373729]
  ],
  "PC": [
    [45.4570244, -73.6378338],
    [45.4567324, -73.6370993],
    [45.4566839, -73.6369916],
    [45.4569529, -73.6367663],
    [45.4572953, -73.6376246],
    [45.4570244, -73.6378338]
  ],
  "VL": [
    [45.4592142, -73.638136],
    [45.4591464, -73.6381977],
    [45.4593195, -73.6386644],
    [45.4591652, -73.638769],
    [45.4592123, -73.6388897],
    [45.4590956, -73.6389782],
    [45.4588172, -73.6380609],
    [45.4591088, -73.6378329],
    [45.4592142, -73.638136]
  ],
  "PT": [
    [45.4594901, -73.6391341],
    [45.4593405, -73.6392455],
    [45.4591652, -73.638769],
    [45.4593195, -73.6386644],
    [45.4594901, -73.6391341]
  ],
  "SC": [
    [45.4591069, -73.6394243],
    [45.4589724, -73.6390716],
    [45.4590956, -73.6389782],
    [45.4592123, -73.6388897],
    [45.4593405, -73.6392455],
    [45.4591069, -73.6394243]
  ],
  "VE": [
    [45.4586299, -73.6384679],
    [45.4587099, -73.6383963],
    [45.4587005, -73.6383663],
    [45.4588689, -73.6382352],
    [45.4590616, -73.6388702],
    [45.4588434, -73.6390553],
    [45.4586299, -73.6384679]
  ],
  "PS": [
    [45.4592726, -73.6394955],
    [45.4596075, -73.6391951],
    [45.4600007, -73.6402036],
    [45.4597035, -73.6403457],
    [45.4592726, -73.6394955]
  ],
  "HA": [
    [45.4592536, -73.6410464],
    [45.4595019, -73.6408533],
    [45.4597014, -73.6413468],
    [45.4594342, -73.6415507],
    [45.4592536, -73.6410464]
  ],
  "PY": [
    [45.4588489, -73.6408361],
    [45.4587191, -73.6404284],
    [45.4591274, -73.6401253],
    [45.4592948, -73.6405572],
    [45.4592045, -73.6406349],
    [45.4591838, -73.6405733],
    [45.4588489, -73.6408361]
  ],
  "RF": [
    [45.4584907, -73.6413819],
    [45.4583891, -73.6410707],
    [45.4584417, -73.6410224],
    [45.4584004, -73.6408776],
    [45.4585471, -73.6407381],
    [45.4585885, -73.6408722],
    [45.4587127, -73.6407703],
    [45.4588293, -73.6411405],
    [45.4584907, -73.6413819]
  ],
  "SP": [
    [45.4582167, -73.6410393],
    [45.4583418, -73.6414148],
    [45.4576748, -73.6419351],
    [45.4576443, -73.641852],
    [45.4574378, -73.6420156],
    [45.4569599, -73.6408408],
    [45.457212, -73.6406584],
    [45.4575394, -73.6414684],
    [45.4579044, -73.6411841],
    [45.4578893, -73.6411359],
    [45.4579947, -73.64105],
    [45.4580135, -73.6411144],
    [45.4583258, -73.6408515],
    [45.4583559, -73.6409374],
    [45.4582167, -73.6410393]
  ],
  "GE": [
    [45.4569462, -73.6407401],
    [45.4567807, -73.6403539],
    [45.4570554, -73.6401339],
    [45.4571908, -73.6405845],
    [45.4569462, -73.6407401]
  ],
  "CJ": [
    [45.4572726, -73.640655],
    [45.4572241, -73.6405202],
    [45.4571743, -73.6403821],
    [45.4574076, -73.6401943],
    [45.4573662, -73.6400656],
    [45.4573232, -73.6400545],
    [45.4573194, -73.6400827],
    [45.457215, -73.6400224],
    [45.4572103, -73.6399754],
    [45.4572347, -73.6398748],
    [45.4572874, -73.6397971],
    [45.4573768, -73.6397528],
    [45.4574511, -73.6397716],
    [45.4574981, -73.6398279],
    [45.4574784, -73.639966],
    [45.4574624, -73.6399553],
    [45.4574511, -73.6400331],
    [45.4574937, -73.6401418],
    [45.4576311, -73.6400452],
    [45.4577341, -73.6403094],
    [45.4577628, -73.6402833],
    [45.4578437, -73.6404958],
    [45.4576442, -73.6406621],
    [45.4575991, -73.6405227],
    [45.4573395, -73.6407399],
    [45.4573075, -73.6406621],
    [45.457283, -73.6406809],
    [45.4572726, -73.640655]
  ],
  "CC": [
    [45.4580749, -73.6400147],
    [45.458233, -73.6398753],
    [45.4585227, -73.6406638],
    [45.4583571, -73.6407926],
    [45.4580749, -73.6400147]
  ],
  "AD": [
    [45.4579667, -73.6400027],
    [45.4579987, -73.640067],
    [45.4579065, -73.6401314],
    [45.4577936, -73.6398203],
    [45.457882, -73.6397479],
    [45.4579196, -73.6398283],
    [45.458025, -73.6397559],
    [45.4579742, -73.6396164],
    [45.4580495, -73.6395762],
    [45.4580908, -73.6397023],
    [45.4582, -73.6396164],
    [45.4581755, -73.6395172],
    [45.4582639, -73.6394635],
    [45.4583843, -73.6397613],
    [45.4582997, -73.6398256],
    [45.4582809, -73.6397747],
    [45.4579667, -73.6400027]
  ]
}
